<?xml version="1.0" encoding="UTF-8"?>
<!DOCTYPE suite SYSTEM "http://testng.org/testng-1.0.dtd">
<suite name="Suite">

<listeners>
		<listener class-name="com.crm.qa.ExtentReport.ExtentReportListener" />
</listeners>


  <test thread-count="5" name="Test">
    <classes>
     <class name="com.crm.qa.TestCases.SignupTestCases"/>
      <class name="com.crm.qa.TestCases.LoginTestCases"/>
        <class name="com.crm.qa.TestCases.HomeTestCases"/>
          <class name="com.crm.qa.TestCases.ContactsTestCases"/>
          
    </classes>
  </test> <!-- Test -->
</suite> <!-- Suite -->
